{
  "bg": {
    "abstract": true,
    "layerSpeeds": [0.4, 0.6, 0.8, 1],
    "layerTextures": ["bg1", "bg2", "bg2", "bg2"],
    "scale": [4, 6, 8, 10]
  },
  "bg1": { "url": "bg.png" },
  "bg2": { "url": "bg2.png" },

  "bullet": {
    "url": "bullet.png",
    "offset": { "x": -2, "y": 0 },
    "size": 7.68
  },
  "bullet_cyan": {
    "url": "bullet_cyan.png",
    "extends": "bullet"
  },
  "bullet_blue": {
    "url": "bullet_blue.png",
    "extends": "bullet"
  },
  "bullet_green": {
    "url": "bullet_green.png",
    "extends": "bullet"
  },
  "bullet_orange": {
    "url": "bullet_orange.png",
    "extends": "bullet"
  },
  "bullet_pink": {
    "url": "bullet_pink.png",
    "extends": "bullet"
  },
  "bullet_red": {
    "url": "bullet_red.png",
    "extends": "bullet"
  },
  "bullet_yellow": {
    "url": "bullet_yellow.png",
    "extends": "bullet"
  },

  "seeker_pickup": { "url": "seeker_pickup.png", "size": 1.28 },
  "seeker": { "url": "seeker.png", "size": 0.64 },

  "obstacle": { "url": "obstacle.png", "size": 2.8672 },

  "fish": {
    "url": "fish.png",
    "size": 1.92
  },

  "ship": {
    "size": 2.56,
    "abstract": true,
    "modes": {
      "defenseupgrade": "defenseupgrade",
      "offenseupgrade": "offenseupgrade",
      "invulnerable": "invulnerable",
      "shield": "shield",
      "boost": "boost"
    }
  },
  "ship0": {
    "url": "ship0.png",
    "extends": "ship",
    "modes": { "boost": "thruster_cyan" }
  },
  "ship_flash": {
    "url": "ship_flash.png",
    "extends": "ship",
    "modes": { "boost": "thruster_cyan" }
  },
  "ship_gray": {
    "url": "ship_gray.png",
    "extends": "ship",
    "modes": { "boost": "thruster_cyan" }
  },
  "ship_cyan": {
    "url": "ship_cyan.png",
    "extends": "ship",
    "modes": { "boost": "thruster_cyan" }
  },
  "ship_blue": {
    "url": "ship_blue.png",
    "extends": "ship",
    "modes": { "boost": "thruster_blue" }
  },
  "ship_green": {
    "url": "ship_green.png",
    "extends": "ship",
    "modes": { "boost": "thruster_green" }
  },
  "ship_orange": {
    "url": "ship_orange.png",
    "extends": "ship",
    "modes": { "boost": "thruster_orange" }
  },
  "ship_pink": {
    "url": "ship_pink.png",
    "extends": "ship",
    "modes": { "boost": "thruster_pink" }
  },
  "ship_red": {
    "url": "ship_red.png",
    "extends": "ship",
    "modes": { "boost": "thruster_red" }
  },
  "ship_yellow": {
    "url": "ship_yellow.png",
    "extends": "ship",
    "modes": { "boost": "thruster_yellow" }
  },
  "ship_secret": {
    "url": "ship_secret.png",
    "extends": "ship",
    "modes": { "boost": "thruster_yellow" }
  },
  "ship_zed": {
    "url": "ship_zed.png",
    "extends": "ship",
    "modes": { "boost": "thruster_red" }
  },

  "thruster": {
    "abstract": true,
    "offset": { "x": -2, "y": 0 },
    "rotate": 90,
    "size": 2.56,
    "animated": {
      "speed": 1,
      "size": 64,
      "count": 29
    }
  },
  "thruster_blue": {
    "url": "thruster_blue.png",
    "extends": "thruster"
  },
  "thruster_cyan": {
    "url": "thruster_cyan.png",
    "extends": "thruster"
  },
  "thruster_green": {
    "url": "thruster_green.png",
    "extends": "thruster"
  },
  "thruster_orange": {
    "url": "thruster_orange.png",
    "extends": "thruster"
  },
  "thruster_pink": {
    "url": "thruster_pink.png",
    "extends": "thruster"
  },
  "thruster_red": {
    "url": "thruster_red.png",
    "extends": "thruster"
  },
  "thruster_yellow": {
    "url": "thruster_yellow.png",
    "extends": "thruster"
  },

  "shield": {
    "url": "shield.png",
    "size": 2.56,
    "animated": {
      "speed": 0.5,
      "loop": true,
      "size": 64,
      "count": 90
    }
  },
  "shield_pickup": {
    "url": "shield_pickup.png",
    "animated": {
      "loop": true,
      "speed": 0.5,
      "count": 30,
      "size": 64
    },
    "size": 2.56
  },
  "invulnerable": {
    "url": "shield.png",
    "size": 2.56,
    "animated": {
      "speed": 0.5,
      "loop": true,
      "size": 64,
      "count": 90
    }
  },
  "offenseupgrade": {
    "url": "circles.png",
    "size": 3.6,
    "animated": {
      "loop": true,
      "speed": 0.4,
      "size": 72,
      "count": 11
    },
    "tint": 16711680
  },
  "defenseupgrade": {
    "url": "circles.png",
    "size": 3.6,
    "animated": {
      "loop": true,
      "speed": 0.2,
      "size": 72,
      "count": 11
    },
    "tint": 6711039
  },
  "circle": {
    "url": "circle.png",
    "size": 2
  },
  "ctf_base": {
    "url": "ctf_base.png",
    "size": 3.072
  },
  "boom": {
    "url": "ctf_arrow_red.png",
    "emitter": {
      "alpha": {
        "start": 0.33,
        "end": 0.0
      },
      "scale": {
        "start": 0.0003,
        "end": 0.003,
        "minimumScaleMultiplier": 1
      },
      "color": {
        "start": "#ffffff",
        "end": "#ffffff"
      },
      "speed": {
        "start": 200,
        "end": 100,
        "minimumSpeedMultiplier": 1
      },
      "acceleration": {
        "x": 0,
        "y": 0
      },
      "maxSpeed": 0,
      "startRotation": {
        "min": 0,
        "max": 12
      },
      "noRotation": false,
      "rotationSpeed": {
        "min": 0,
        "max": 22
      },
      "lifetime": {
        "min": 0.15,
        "max": 0.44
      },
      "blendMode": "normal",
      "frequency": 0.1,
      "emitterLifetime": 0.31,
      "maxParticles": 1000,
      "pos": {
        "x": 0,
        "y": 0
      },
      "addAtBack": false,
      "spawnType": "burst",
      "particlesPerWave": 10,
      "particleSpacing": 0,
      "angleStart": 0
    },
    "size": 0.5
  },
  "ctf_flag_base": {
    "abstract": true,
    "animated": {
      "speed": 0.1,
      "loop": true,
      "size": 128,
      "count": 6
    },
    "size": 1.92
  },
  "ctf_flag_blue": {
    "extends": "ctf_flag_base",
    "url": "ctf_flag_blue.png",
    "size": 1
  },
  "ctf_flag_red": {
    "extends": "ctf_flag_base",
    "url": "ctf_flag_red.png",
    "size": 1
  },
  "ctf_arrow_blue": {
    "url": "ctf_arrow_blue.png"
  },
  "ctf_arrow_red": {
    "url": "ctf_arrow_blue.png"
  },
  "ctf_score_stripes": {
    "url": "ctf_score_stripes.png"
  },
  "ctf_score_final": {
    "url": "ctf_score_final.png"
  },
  "ctf_score_final_red": {
    "url": "ctf_score_final_red.png"
  },
  "ctf_score_final_blue": {
    "url": "ctf_score_final_blue.png"
  },
  "ctf_score_left_0": {
    "url": "ctf_score_left_0.png"
  },
  "ctf_score_left_1": {
    "url": "ctf_score_left_1.png"
  },
  "ctf_score_left_2": {
    "url": "ctf_score_left_2.png"
  },
  "ctf_score_left_3": {
    "url": "ctf_score_left_3.png"
  },
  "ctf_score_left_4": {
    "url": "ctf_score_left_4.png"
  },

  "ctf_score_right_0": {
    "url": "ctf_score_right_0.png"
  },
  "ctf_score_right_1": {
    "url": "ctf_score_right_1.png"
  },
  "ctf_score_right_2": {
    "url": "ctf_score_right_2.png"
  },
  "ctf_score_right_3": {
    "url": "ctf_score_right_3.png"
  },
  "ctf_score_right_4": {
    "url": "ctf_score_right_4.png"
  }
}
