{
  "bg": {
    "abstract": true,
    "layerSpeeds": [0.4],
    "layerTextures": ["bg1"],
    "scale": [4]
  },
  "bg1": {
    "url": "bg.png"
  },
  "circle": {
    "url": "circle.png",
    "size": 2
  },
  "boost": {
    "url": "thruster_cyan.png",
    "size": 2.5,
    "offset": {
      "x": -2,
      "y": 0
    },
    "animated": {
      "speed": 0.5,
      "loop": true,
      "size": 64,
      "count": 29
    },
    "rotate": 90
  },
  "shield": {
    "url": "shield.png",
    "size": 2.56,
    "animated": {
      "speed": 0.5,
      "loop": true,
      "size": 64,
      "count": 90
    }
  },
  "invulnerable": {
    "url": "shield.png",
    "size": 2.56,
    "animated": {
      "speed": 0.5,
      "loop": true,
      "size": 64,
      "count": 90
    }
  },
  "offenseupgrade": {
    "url": "circles.png",
    "size": 3.6,
    "animated": {
      "loop": true,
      "speed": 0.4,
      "size": 72,
      "count": 11
    },
    "tint": 16711680
  },
  "defenseupgrade": {
    "url": "circles.png",
    "size": 3.6,
    "animated": {
      "loop": true,
      "speed": 0.2,
      "size": 72,
      "count": 11
    },
    "tint": 6711039
  },
  "ship": {
    "size": 1.92,
    "abstract": true,
    "modes": {
      "defenseupgrade": "defenseupgrade",
      "offenseupgrade": "offenseupgrade",
      "invulnerable": "invulnerable",
      "shield": "shield",
      "boost": "boost"
    }
  },
  "bullet": {
    "url": "bullet.png",
    "offset": { "x": -7, "y": 0 },
    "size": 20,
    "animated": {
      "loop": "false",
      "speed": 0.425,
      "size": 256,
      "count": 39
    }
  },
  "bullet_cyan": {
    "extends": "bullet",
    "url": "bullet_cyan.png"
  },
  "bullet_blue": {
    "extends": "bullet",
    "url": "bullet_blue.png"
  },
  "bullet_green": {
    "extends": "bullet",
    "url": "bullet_green.png"
  },
  "bullet_orange": {
    "extends": "bullet",
    "url": "bullet_orange.png"
  },
  "bullet_pink": {
    "extends": "bullet",
    "url": "bullet_pink.png"
  },
  "bullet_red": {
    "extends": "bullet",
    "url": "bullet_red.png"
  },
  "bullet_yellow": {
    "extends": "bullet",
    "url": "bullet_yellow.png"
  },

  "seeker_pickup": {
    "url": "seeker_pickup.png",
    "size": 1.28
  },
  "seeker": {
    "url": "seeker.png",
    "size": 0.64
  },
  "obstacle": {
    "url": "obstacle.png",
    "size": 2.8
  },

  "fish": {
    "url": "fish.png",
    "size": 2
  },
  "ship0": {
    "extends": "ship",
    "url": "ship0.png"
  },
  "ship_flash": { "extends": "ship", "url": "ship_flash.png", "size": 1.92 },
  "ship_gray": { "extends": "ship", "url": "ship_gray.png", "size": 1.92 },
  "ship_boost": {
    "url": "ship_boost_anim.png",
    "size": 1.92,
    "animated": "true",
    "loop": "true",
    "rotate": 0,
    "animationSpeed": 0.47,
    "tileSize": 64,
    "tileCount": 10
  },
  "ship_cyan": {
    "extends": "ship",
    "url": "ship_cyan.png",
    "modes": {
      "boost": "thruster_cyan"
    }
  },
  "ship_blue": {
    "extends": "ship",
    "url": "ship_blue.png",
    "modes": {
      "boost": "thruster_blue"
    }
  },
  "ship_green": {
    "extends": "ship",
    "url": "ship_green.png",
    "modes": {
      "boost": "thruster_green"
    }
  },
  "ship_orange": {
    "extends": "ship",
    "url": "ship_orange.png",
    "modes": {
      "boost": "thruster_orange"
    }
  },
  "ship_pink": {
    "extends": "ship",
    "url": "ship_pink.png",
    "modes": {
      "boost": "thruster_pink"
    }
  },
  "ship_red": {
    "extends": "ship",
    "url": "ship_red.png",
    "modes": {
      "boost": "thruster_red"
    }
  },
  "ship_yellow": {
    "extends": "ship",
    "url": "ship_yellow.png",
    "modes": {
      "boost": "thruster_yellow"
    }
  },
  "ship_secret": {
    "extends": "ship",
    "url": "ship_secret.png"
  },
  "ship_zed": {
    "extends": "ship",
    "url": "ship_zed.png"
  },
  "thruster_cyan": {
    "extends": "boost",
    "url": "thruster_cyan.png"
  },
  "thruster_blue": {
    "extends": "boost",
    "url": "thruster_blue.png"
  },
  "thruster_green": {
    "extends": "boost",
    "url": "thruster_green.png"
  },
  "thruster_orange": {
    "extends": "boost",
    "url": "thruster_orange.png"
  },
  "thruster_pink": {
    "extends": "boost",
    "url": "thruster_pink.png"
  },
  "thruster_red": {
    "extends": "boost",
    "url": "thruster_red.png"
  },
  "thruster_yellow": {
    "extends": "boost",
    "url": "thruster_yellow.png"
  },
  "shield_pickup": {
    "url": "shield_pickup.png",
    "animated": {
      "loop": true,
      "speed": 0.5,
      "count": 30,
      "size": 64
    },
    "size": 2.56
  },
  "ctf_base": {
    "url": "ctf_base.png",
    "size": 3.072
  },
  "boom": {
    "url": "ctf_arrow_red.png",
    "emitter": {
      "alpha": {
        "start": 0.33,
        "end": 0.0
      },
      "scale": {
        "start": 0.0003,
        "end": 0.003,
        "minimumScaleMultiplier": 1
      },
      "color": {
        "start": "#ffffff",
        "end": "#ffffff"
      },
      "speed": {
        "start": 200,
        "end": 100,
        "minimumSpeedMultiplier": 1
      },
      "acceleration": {
        "x": 0,
        "y": 0
      },
      "maxSpeed": 0,
      "startRotation": {
        "min": 0,
        "max": 12
      },
      "noRotation": false,
      "rotationSpeed": {
        "min": 0,
        "max": 22
      },
      "lifetime": {
        "min": 0.15,
        "max": 0.44
      },
      "blendMode": "normal",
      "frequency": 0.1,
      "emitterLifetime": 0.31,
      "maxParticles": 1000,
      "pos": {
        "x": 0,
        "y": 0
      },
      "addAtBack": false,
      "spawnType": "burst",
      "particlesPerWave": 10,
      "particleSpacing": 0,
      "angleStart": 0
    }
  },
  "ctf_flag_base": {
    "abstract": true,
    "animated": {
      "speed": 0.1,
      "loop": true,
      "size": 128,
      "count": 6
    },
    "size": 1.92
  },
  "ctf_flag_blue": {
    "extends": "ctf_flag_base",
    "url": "ctf_flag_blue.png",
    "size": 1
  },
  "ctf_flag_red": {
    "extends": "ctf_flag_base",
    "url": "ctf_flag_red.png",
    "size": 1
  },
  "ctf_arrow_blue": {
    "url":"ctf_arrow_blue.png"
  },
  "ctf_arrow_red": {
    "url":"ctf_arrow_blue.png"
  },
  "ctf_score_stripes": {
    "url":"ctf_score_stripes.png"
  },
  "ctf_score_final": {
    "url":"ctf_score_final.png"
  },
  "ctf_score_final_red": {
    "url":"ctf_score_final_red.png"
  },
  "ctf_score_final_blue": {
    "url":"ctf_score_final_blue.png"
  },
  "ctf_score_left_0": {
    "url":"ctf_score_left_0.png"
  },
  "ctf_score_left_1": {
    "url":"ctf_score_left_1.png"
  },
  "ctf_score_left_2": {
    "url":"ctf_score_left_2.png"
  },
  "ctf_score_left_3": {
    "url":"ctf_score_left_3.png"
  },
  "ctf_score_left_4": {
    "url":"ctf_score_left_4.png"
  },

  "ctf_score_right_0": {
    "url":"ctf_score_right_0.png"
  },
  "ctf_score_right_1": {
    "url":"ctf_score_right_1.png"
  },
  "ctf_score_right_2": {
    "url":"ctf_score_right_2.png"
  },
  "ctf_score_right_3": {
    "url":"ctf_score_right_3.png"
  },
  "ctf_score_right_4": {
    "url":"ctf_score_right_4.png"
  }
}
